City_ID,City,Country,Lat,Lng,Max Temp,Humidity,Cloudiness,Wind Speed,Current Description
0,Aasiaat,GL,68.7098,-52.8699,33.51,99,100,7.02,snow
1,Pemberton,CA,50.3164,-122.8027,77.2,31,17,2.71,few clouds
2,Poplar Bluff,US,36.757,-90.3929,55.29,27,0,11.5,clear sky
3,Yar-Sale,RU,66.8333,70.8333,39.65,94,100,13.65,overcast clouds
4,Albany,US,42.6001,-73.9662,55.89,63,76,8.63,broken clouds
5,Souillac,MU,-20.5167,57.5167,70.18,73,20,10.36,few clouds
6,Pechenga,RU,69.5259,31.1703,36.63,95,79,18.57,broken clouds
7,Hilo,US,19.7297,-155.09,90.28,69,0,8.05,clear sky
8,Ryotsu,JP,38.0833,138.4333,52.88,56,25,6.17,scattered clouds
9,Rikitea,PF,-23.1203,-134.9692,68.83,62,0,19.01,clear sky
10,Hobart,AU,-42.8794,147.3294,54.91,83,75,8.05,broken clouds
11,Phalodi,IN,27.1333,72.3667,78.15,23,0,9.17,clear sky
12,Fioletovo,AM,40.7224,44.7177,46.89,86,83,3.58,broken clouds
13,Kapaa,US,22.0752,-159.319,85.1,70,0,6.91,clear sky
14,Slave Lake,CA,55.2834,-114.769,65.46,31,0,6.71,clear sky
15,Mataura,NZ,-46.1927,168.8643,50.22,53,60,5.84,broken clouds
16,Port Lincoln,AU,-34.7333,135.8667,58.91,88,2,10.49,clear sky
17,Tilichiki,RU,60.4667,166.1,33.22,86,67,12.12,broken clouds
18,Dali,CN,25.7,100.1833,53.56,73,97,2.73,overcast clouds
19,Lebu,CL,-37.6167,-73.65,56.07,75,54,6.62,broken clouds
20,Ushuaia,AR,-54.8,-68.3,46.06,66,40,26.46,scattered clouds
21,Sarkand,KZ,45.41,79.9186,41.97,91,96,2.98,overcast clouds
22,Castro,BR,-24.7911,-50.0119,60.46,97,100,4.72,overcast clouds
23,Ningxiang,CN,37.34,111.2052,45.39,41,0,7.09,clear sky
24,Adrar,MR,20.5022,-10.0711,89.24,12,100,10.63,overcast clouds
25,Chokurdakh,RU,70.6333,147.9167,6.69,97,98,5.64,overcast clouds
26,Esperance,AU,-33.8667,121.9,50.13,88,0,9.84,clear sky
27,Mamontovo,RU,52.7055,81.6244,36.54,79,91,6.35,overcast clouds
28,Ormara,PK,25.2088,64.6357,79.84,72,63,7.16,broken clouds
29,Teguldet,RU,57.3064,88.1667,36.97,97,100,5.06,overcast clouds
30,Provideniya,RU,64.3833,-173.3,28.51,80,75,2.24,broken clouds
31,Nioro,GM,13.35,-15.75,80.46,81,65,1.23,moderate rain
32,Puerto Escondido,MX,15.85,-97.0667,77.83,65,100,4.61,overcast clouds
33,Punta Arenas,CL,-53.15,-70.9167,51.91,43,20,31.07,few clouds
34,Vaini,TO,-21.2,-175.2,76.78,80,100,7.87,overcast clouds
35,Alice Springs,AU,-23.7,133.8833,58.55,77,0,8.05,clear sky
36,Severnyy,RU,50.677,36.5532,51.84,54,0,11.18,clear sky
37,Atuona,PF,-9.8,-139.0333,76.6,68,2,14.47,clear sky
38,Sao Jose Da Coroa Grande,BR,-8.8978,-35.1478,75.56,84,40,9.84,scattered clouds
39,Avarua,CK,-21.2078,-159.775,78.85,57,40,19.57,scattered clouds
40,Caldas Novas,BR,-17.7417,-48.625,88.41,19,19,7.05,few clouds
41,Maceio,BR,-9.6658,-35.7353,76.44,88,75,18.41,broken clouds
42,Jamestown,US,42.097,-79.2353,41.02,89,100,14.97,overcast clouds
43,Saskylakh,RU,71.9167,114.0833,16.45,88,100,13.0,overcast clouds
44,Klaksvik,FO,62.2266,-6.589,40.12,66,97,8.1,overcast clouds
45,Bonnyville,CA,54.2668,-110.735,70.2,22,100,8.25,overcast clouds
46,Tuktoyaktuk,CA,69.4541,-133.0374,28.36,92,55,6.46,broken clouds
47,Mugur-Aksy,RU,50.35,90.5,28.13,80,73,6.71,broken clouds
48,Belomorsk,RU,64.5232,34.7668,35.47,85,46,8.1,scattered clouds
49,Grindavik,IS,63.8424,-22.4338,43.27,75,100,12.66,overcast clouds
50,Barrow,US,71.2906,-156.7887,24.82,86,100,9.22,overcast clouds
51,Verkhnetulomskiy,RU,68.6073,31.7962,37.53,89,97,11.1,overcast clouds
52,Benguela,AO,-12.5763,13.4055,74.37,79,46,6.64,scattered clouds
53,Port Alfred,ZA,-33.5906,26.891,69.19,92,67,1.99,broken clouds
54,Cape Town,ZA,-33.9258,18.4232,64.9,85,37,8.01,scattered clouds
55,Fairbanks,US,64.8378,-147.7164,42.93,84,0,0.0,clear sky
56,Kungurtug,RU,50.5994,97.5228,30.24,84,86,1.16,overcast clouds
57,Okhotsk,RU,59.3833,143.3,21.52,55,4,21.16,clear sky
58,Bredasdorp,ZA,-34.5322,20.0403,60.06,96,46,4.14,scattered clouds
59,Yellowknife,CA,62.456,-114.3525,48.72,66,20,15.01,few clouds
60,Rockhampton,AU,-23.3833,150.5,71.49,94,75,5.75,light rain
61,Goya,AR,-29.14,-59.2626,81.75,35,1,6.53,clear sky
62,East London,ZA,-33.0153,27.9116,69.98,91,100,5.59,overcast clouds
63,Dicabisagan,PH,17.0818,122.4157,77.67,89,96,3.33,overcast clouds
64,Constitucion,CL,-35.3333,-72.4167,57.22,68,95,5.21,overcast clouds
65,Sitka,US,57.0531,-135.33,57.09,82,100,12.66,overcast clouds
66,Wattegama,LK,6.7989,81.4808,75.61,87,100,0.45,overcast clouds
67,Bluff,NZ,-46.6,168.3333,48.61,71,63,16.89,broken clouds
68,Chuy,UY,-33.6971,-53.4616,61.66,83,100,14.47,overcast clouds
69,Rantepao,ID,-2.9701,119.8978,68.41,96,100,1.63,overcast clouds
70,Itoman,JP,26.1247,127.6694,75.22,64,75,23.02,broken clouds
71,Puerto Ayora,EC,-0.7393,-90.3518,75.16,83,47,5.01,scattered clouds
72,Kavieng,PG,-2.5744,150.7967,82.8,69,100,16.64,overcast clouds
73,Boa Vista,BR,2.8197,-60.6733,84.18,65,40,9.22,scattered clouds
74,Davenda,RU,53.5556,119.317,23.72,86,100,2.59,overcast clouds
75,Bathsheba,BB,13.2167,-59.5167,84.81,74,20,11.5,few clouds
76,Hami,CN,42.8,93.45,55.35,23,98,4.05,overcast clouds
77,Katangli,RU,51.7102,143.2326,30.76,71,10,19.28,clear sky
78,Naberera,TZ,-4.2,36.9333,61.03,82,4,7.96,clear sky
79,Lerwick,GB,60.1545,-1.1494,41.0,69,7,7.74,clear sky
80,Lorengau,PG,-2.0226,147.2712,82.85,68,100,11.23,overcast clouds
81,Arraial Do Cabo,BR,-22.9661,-42.0278,75.06,88,40,18.41,scattered clouds
82,Hofn,IS,64.2539,-15.2082,44.24,64,8,1.63,clear sky
83,Susangerd,IR,31.5608,48.1831,84.81,16,54,5.93,broken clouds
84,Georgetown,MY,5.4112,100.3354,80.53,90,20,0.0,light rain
85,Aksarka,RU,66.5606,67.7975,38.93,97,100,11.77,overcast clouds
86,Beloha,MG,-25.1667,45.05,68.72,79,12,16.33,few clouds
87,Husavik,IS,66.0449,-17.3389,35.85,79,99,11.16,overcast clouds
88,Mangai,CD,-4.05,19.5333,69.49,95,100,1.9,overcast clouds
89,Okha,RU,53.5739,142.9478,33.15,64,99,19.66,overcast clouds
90,Copiapo,CL,-27.3667,-70.3333,56.89,29,0,7.81,clear sky
91,New Norfolk,AU,-42.7826,147.0587,54.57,62,74,1.01,broken clouds
92,Hithadhoo,MV,-0.6,73.0833,80.91,71,100,7.9,overcast clouds
93,Sopelana,ES,43.3789,-2.9831,76.78,63,0,10.36,clear sky
94,Auki,SB,-8.7676,160.7034,82.18,75,34,4.03,scattered clouds
95,Nikolskoye,RU,59.7035,30.7861,44.49,91,100,5.57,light rain
96,Poum,NC,-20.2333,164.0167,76.37,76,12,9.46,few clouds
97,Kelheim,DE,48.9167,11.8667,58.89,92,18,3.85,few clouds
98,Kohlu,PK,29.8962,69.252,66.6,24,16,3.27,few clouds
99,Sao Filipe,CV,14.8961,-24.4956,80.73,80,47,6.51,light rain
100,Iskateley,RU,67.6803,53.1512,39.56,96,100,19.15,light rain
101,Butaritari,KI,3.0707,172.7902,81.66,74,84,16.17,broken clouds
102,Tiznit,MA,29.5833,-9.5,80.37,26,3,6.76,clear sky
103,Ribeira Grande,PT,38.5167,-28.7,62.78,60,100,8.01,overcast clouds
104,Ahipara,NZ,-35.1667,173.1667,58.78,68,48,13.33,scattered clouds
105,Zuwarah,LY,32.9312,12.082,72.55,59,0,7.05,clear sky
106,Tromso,NO,69.6496,18.957,37.42,87,100,10.36,overcast clouds
107,Sumbawanga,TZ,-7.9667,31.6167,65.39,50,74,4.79,broken clouds
108,Pafos,CY,34.7667,32.4167,71.38,73,20,8.05,few clouds
109,Saint-Philippe,RE,-21.3585,55.7679,67.59,78,56,9.26,broken clouds
110,Plettenberg Bay,ZA,-34.0527,23.3716,63.73,94,56,1.63,broken clouds
111,Sapa,PH,5.1544,120.3241,80.55,78,100,2.21,overcast clouds
112,Strezhevoy,RU,60.7333,77.5889,35.65,92,73,7.83,broken clouds
113,Busselton,AU,-33.65,115.3333,53.53,86,4,8.84,clear sky
114,Dikson,RU,73.5069,80.5464,28.54,83,100,13.13,overcast clouds
115,Serenje,ZM,-13.2325,30.2352,66.9,33,76,7.2,broken clouds
116,Margate,GB,51.3813,1.3862,58.89,80,100,5.01,overcast clouds
117,Brae,GB,60.3964,-1.353,43.65,70,16,7.58,few clouds
118,Lompoc,US,34.6391,-120.4579,78.58,56,0,12.66,clear sky
119,Cockburn Town,TC,21.4612,-71.1419,82.98,73,0,10.0,clear sky
120,Ponta Do Sol,PT,32.6667,-17.1,74.01,74,91,9.06,overcast clouds
121,Vila Franca Do Campo,PT,37.7167,-25.4333,64.81,61,100,16.24,overcast clouds
122,Srivardhan,IN,18.0333,73.0167,77.0,90,99,4.72,overcast clouds
123,Tasiilaq,GL,65.6145,-37.6368,35.76,88,100,3.44,overcast clouds
124,Pau Brasil,BR,-15.4642,-39.6511,74.07,68,87,7.63,overcast clouds
125,Ekhabi,RU,53.5102,142.9671,32.68,65,100,18.28,overcast clouds
126,Chirongui,YT,-12.9319,45.1483,75.13,75,1,10.09,clear sky
127,Roald,NO,62.5833,6.1333,46.76,87,40,2.3,light rain
128,Kaitangata,NZ,-46.2817,169.8464,49.15,57,69,8.57,light rain
129,Mongoumba,CF,3.6415,18.5936,71.73,94,69,2.37,broken clouds
130,Nhulunbuy,AU,-12.2333,136.7667,74.01,88,40,0.0,scattered clouds
131,Panaba,MX,21.2833,-88.2667,82.74,77,100,11.34,light rain
132,Mandera,KE,3.9366,41.867,83.08,56,100,2.73,overcast clouds
133,Tagbac,PH,7.089,125.1567,72.05,95,100,1.54,moderate rain
134,Bambous Virieux,MU,-20.3428,57.7575,70.05,73,20,10.36,few clouds
135,Znamenskoye,RU,57.1281,73.8282,42.06,93,100,7.54,light rain
136,Mehamn,NO,71.0357,27.8492,39.15,60,75,13.8,broken clouds
137,Hermanus,ZA,-34.4187,19.2345,64.8,92,33,9.24,scattered clouds
138,Sedan,FR,49.6667,5.0,58.71,84,99,6.26,overcast clouds
139,Cherskiy,RU,68.75,161.3,4.06,88,100,5.84,overcast clouds
140,Providencia,MX,28.7167,-111.5833,93.2,33,0,3.04,clear sky
141,Touros,BR,-5.1989,-35.4608,78.03,79,58,16.51,broken clouds
142,Awjilah,LY,29.1081,21.2869,65.61,67,3,10.4,clear sky
143,Yulara,AU,-25.2406,130.9889,56.88,76,0,8.19,clear sky
144,Hasaki,JP,35.7333,140.8333,55.8,68,100,21.07,overcast clouds
145,Thinadhoo,MV,0.5333,72.9333,80.62,75,99,11.81,overcast clouds
146,Tevriz,RU,57.509,72.4042,41.97,86,100,6.29,overcast clouds
147,Ust-Nera,RU,64.5667,143.2,-5.12,100,100,1.41,overcast clouds
148,Lata,PT,40.1629,-8.3327,66.92,89,100,6.02,overcast clouds
149,Fortuna,US,40.5982,-124.1573,69.93,69,20,13.8,few clouds
150,Mahibadhoo,MV,3.7833,72.9667,81.21,75,100,16.15,overcast clouds
151,Alugan,PH,12.2188,125.4808,78.64,86,100,6.17,overcast clouds
152,Upernavik,GL,72.7868,-56.1549,29.1,73,100,16.8,overcast clouds
153,Severo-Kurilsk,RU,50.6789,156.125,40.75,68,49,33.4,light rain
154,Nanortalik,GL,60.1432,-45.2371,39.92,84,100,11.5,light rain
155,Mabaruma,GY,8.2,-59.7833,80.89,79,64,5.17,broken clouds
156,Nyagan,RU,62.1406,65.3936,39.04,96,100,8.01,light rain
157,Guerrero Negro,MX,27.9769,-114.0611,82.58,44,0,7.54,clear sky
158,Vardo,NO,70.3705,31.1107,37.38,93,100,12.66,light intensity shower rain
159,Namibe,AO,-15.1961,12.1522,67.14,76,4,8.16,clear sky
160,Inirida,CO,3.8653,-67.9239,83.98,70,86,3.09,overcast clouds
161,Puerto Leguizamo,CO,-0.1934,-74.7819,80.62,90,66,3.2,broken clouds
162,Praia Da Vitoria,PT,38.7333,-27.0667,62.55,56,99,21.54,overcast clouds
163,Zhoukou,CN,33.6333,114.6333,49.59,32,0,6.93,clear sky
164,Mahebourg,MU,-20.4081,57.7,70.09,73,20,10.36,few clouds
165,Iqaluit,CA,63.7506,-68.5145,25.7,63,75,15.01,shower snow
166,Berlevag,NO,70.8578,29.0864,39.2,81,40,23.02,scattered clouds
167,Mount Gambier,AU,-37.8333,140.7667,53.02,88,0,2.42,clear sky
168,Cidreira,BR,-30.1811,-50.2056,64.98,94,100,16.87,overcast clouds
169,Vao,NC,-22.6667,167.4833,71.69,66,100,13.31,overcast clouds
170,Ilulissat,GL,69.2167,-51.1,33.82,93,100,9.22,drizzle
171,Kathu,TH,7.9178,98.3332,81.75,90,99,11.77,moderate rain
172,Nome,US,64.5011,-165.4064,37.47,76,75,5.75,broken clouds
173,Launceston,AU,-41.45,147.1667,49.64,93,100,4.61,overcast clouds
174,Pomoryany,UA,49.6409,24.9307,53.26,77,98,7.83,overcast clouds
175,Manokwari,ID,-0.8667,134.0833,78.26,77,93,2.37,overcast clouds
176,Talnakh,RU,69.4865,88.3972,33.21,99,100,9.37,snow
177,Kazachinskoye,RU,57.6953,93.2761,35.04,99,100,1.79,overcast clouds
178,Santa Fe,AR,-31.6333,-60.7,76.01,49,97,7.0,overcast clouds
179,Ipixuna,BR,-1.7625,-48.8043,76.59,91,99,5.17,overcast clouds
180,Libreville,GA,0.3925,9.4537,77.34,87,100,8.23,moderate rain
181,Torbay,CA,47.6666,-52.7314,53.28,97,100,9.22,fog
182,Ilhabela,BR,-23.7781,-45.3581,70.23,94,100,4.09,light rain
183,Isangel,VU,-19.55,169.2667,77.13,80,30,12.68,scattered clouds
184,Dongsheng,CN,39.8161,109.9776,41.94,42,0,9.42,clear sky
185,Fort Nelson,CA,58.8053,-122.7002,51.39,58,75,3.44,broken clouds
186,Chhatarpur,IN,24.9,79.6,68.67,58,0,3.62,clear sky
187,Rio Gallegos,AR,-51.6226,-69.2181,60.85,33,75,23.02,broken clouds
188,Haines Junction,CA,60.7522,-137.5108,39.15,93,100,1.14,overcast clouds
189,Victoria,HK,22.2855,114.1577,71.33,60,99,18.99,overcast clouds
190,Sorland,NO,67.667,12.6934,46.26,66,99,14.79,overcast clouds
191,Salaga,GH,8.5508,-0.5188,78.6,80,42,3.22,scattered clouds
192,Airai,TL,-8.9266,125.4092,61.34,88,100,1.72,overcast clouds
193,Kartaly,RU,53.0522,60.6467,39.51,77,78,15.41,broken clouds
194,Bac Lieu,VN,9.285,105.7244,77.22,89,89,3.49,overcast clouds
195,Kahului,US,20.8947,-156.47,87.82,58,20,11.5,few clouds
196,Piltene,LV,57.2243,21.6744,49.95,100,100,9.22,moderate rain
197,Kropotkin,RU,45.4375,40.5756,52.97,78,0,4.83,clear sky
198,Tubuala,PA,9.5167,-79.0333,81.61,81,86,8.37,moderate rain
199,Marsh Harbour,BS,26.5412,-77.0636,82.04,71,65,13.91,broken clouds
200,Kathmandu,NP,27.7167,85.3167,59.22,88,40,2.3,scattered clouds
201,Amapa,BR,1.0,-52.0,76.08,89,98,7.14,light rain
202,Qaanaaq,GL,77.484,-69.3632,7.2,90,98,3.96,overcast clouds
203,Peddapalli,IN,18.6167,79.3667,73.56,92,89,3.09,overcast clouds
204,Maragogi,BR,-9.0122,-35.2225,74.97,85,29,9.51,scattered clouds
205,Kalabo,ZM,-14.97,22.6814,77.92,30,80,4.07,broken clouds
206,Port Elizabeth,ZA,-33.918,25.5701,70.11,92,100,9.22,overcast clouds
207,Ambanja,MG,-13.6833,48.45,73.11,82,75,1.39,broken clouds
208,Mar Del Plata,AR,-38.0023,-57.5575,60.94,85,0,19.57,clear sky
209,Bethel,US,41.3712,-73.414,57.34,53,0,8.05,clear sky
210,Bacungan,PH,9.9106,118.7022,78.85,89,75,4.61,broken clouds
211,Half Moon Bay,US,37.4636,-122.4286,85.48,56,0,6.91,clear sky
212,Aklavik,CA,68.2191,-135.0107,28.4,93,100,2.3,fog
213,Carnarvon,AU,-24.8667,113.6333,66.24,82,0,11.63,clear sky
214,Bandarbeyla,SO,9.4942,50.8122,78.13,81,17,7.65,few clouds
215,Faanui,PF,-16.4833,-151.75,77.45,79,30,16.46,light rain
216,Zhigansk,RU,66.7697,123.3711,15.19,95,100,7.14,overcast clouds
217,Quelimane,MZ,-17.8786,36.8883,76.95,83,0,0.0,clear sky
218,Port Hardy,CA,50.6996,-127.4199,66.38,63,75,9.22,broken clouds
219,Alofi,NU,-19.0595,-169.9187,80.49,69,75,13.8,broken clouds
220,Palmer,US,42.1584,-72.3287,59.45,38,20,10.36,few clouds
221,Biratnagar,NP,26.4831,87.2834,66.92,68,0,2.26,clear sky
222,Baghdad,IQ,33.3406,44.4009,71.51,37,1,2.3,clear sky
223,Broken Hill,AU,-31.95,141.4333,56.64,92,100,19.98,moderate rain
224,Ust-Ishim,RU,57.6935,71.1665,39.16,91,100,5.7,overcast clouds
225,San Jose De Rio Tinto,HN,14.9333,-85.7,98.17,76,100,1.16,overcast clouds
226,Vila Velha,BR,-20.3297,-40.2925,75.15,87,75,11.5,broken clouds
227,Kerman,IR,30.2832,57.0788,53.46,22,0,9.22,clear sky
228,Vilyuysk,RU,63.7553,121.6247,21.99,98,100,2.82,overcast clouds
229,Gurupi,BR,-11.7292,-49.0686,93.76,20,100,0.76,overcast clouds
230,San Martin,AR,-33.081,-68.4681,57.74,70,100,16.11,overcast clouds
231,Gunjur,GM,13.2019,-16.7339,81.66,81,30,10.04,light rain
232,Svetlaya,RU,46.5389,138.3297,36.5,63,91,6.6,overcast clouds
233,Iraquara,BR,-12.2486,-41.6194,78.51,33,0,5.12,clear sky
234,Muros,ES,42.7762,-9.0603,65.68,91,100,15.35,overcast clouds
235,Pisco,PE,-13.7,-76.2167,64.45,72,20,11.5,few clouds
236,Porto Novo,BJ,6.4965,2.6036,80.42,89,91,5.59,light rain
237,Kushiro,JP,42.975,144.3747,43.52,78,5,13.02,clear sky
238,Bubaque,GW,11.2833,-15.8333,81.84,77,98,11.81,overcast clouds
239,Saldanha,ZA,-33.0117,17.9442,60.53,94,95,13.13,overcast clouds
240,Asau,RO,46.4333,26.4,45.52,61,86,6.6,overcast clouds
241,Tautira,PF,-17.7333,-149.15,76.55,80,25,14.7,light rain
242,Ancud,CL,-41.8697,-73.8203,55.92,72,66,4.9,broken clouds
243,Trapani,IT,37.8333,12.6667,65.28,82,0,3.44,clear sky
244,Taoudenni,ML,22.6783,-3.9836,92.08,13,97,7.38,overcast clouds
245,Wanning,CN,18.8003,110.3967,67.91,95,100,27.85,light rain
246,Clyde River,CA,70.4692,-68.5914,21.43,79,100,11.5,overcast clouds
247,Takoradi,GH,4.8845,-1.7554,77.86,86,50,6.6,scattered clouds
248,Coquimbo,CL,-29.9533,-71.3436,58.73,72,0,12.66,clear sky
249,Pevek,RU,69.7008,170.3133,4.57,93,99,4.54,overcast clouds
250,Burnie,AU,-41.0667,145.9167,51.13,74,8,5.28,clear sky
251,Bengkulu,ID,-3.8004,102.2655,74.53,90,100,4.25,moderate rain
252,Wendelstein,DE,49.3536,11.1483,58.91,100,40,3.44,fog
253,Yurty,RU,56.0498,97.6348,38.21,89,100,5.82,overcast clouds
254,Pitimbu,BR,-7.4706,-34.8086,77.59,77,21,13.2,few clouds
255,Curvelo,BR,-18.7564,-44.4308,84.61,28,16,10.2,few clouds
256,Tabuk,PH,17.4189,121.4443,73.85,98,100,1.07,moderate rain
257,Udachnyy,RU,66.4167,112.4,16.45,92,96,5.55,overcast clouds
258,Yumen,CN,40.2833,97.2,47.64,14,88,7.83,overcast clouds
259,Bulgan,MN,48.8125,103.5347,38.93,47,92,2.33,overcast clouds
260,Moses Lake,US,47.1301,-119.2781,74.88,28,0,0.0,clear sky
261,Geraldton,AU,-28.7667,114.6,48.61,93,0,4.61,clear sky
262,Karratha,AU,-20.7377,116.8463,71.65,73,0,5.5,clear sky
263,Kralendijk,BQ,12.15,-68.2667,85.98,74,40,14.97,scattered clouds
264,Henties Bay,NA,-22.116,14.2845,58.91,88,4,5.68,clear sky
265,Sokolo,ML,14.7328,-6.1219,92.16,20,35,5.37,scattered clouds
266,Filingue,NE,14.3521,3.3168,90.63,15,13,6.29,few clouds
267,Gladstone,AU,-23.85,151.25,71.53,78,100,10.36,moderate rain
268,Turkistan,KZ,43.0,68.0,48.29,46,100,1.99,overcast clouds
269,Vestmannaeyjar,IS,63.4427,-20.2734,45.01,72,99,15.46,overcast clouds
270,Avera,US,33.194,-82.5271,59.56,25,36,16.31,scattered clouds
271,Victor Harbor,AU,-35.5667,138.6167,53.67,81,0,5.57,clear sky
272,Honiara,SB,-9.4333,159.95,81.97,76,79,4.59,broken clouds
273,Magadi,IN,12.9667,77.2333,67.12,91,95,3.78,overcast clouds
274,Macheng,CN,31.1783,115.0319,48.65,38,0,3.83,clear sky
275,Richards Bay,ZA,-28.783,32.0377,71.53,91,100,5.06,light rain
276,Bojnurd,IR,37.4747,57.329,55.35,88,100,16.11,light rain
277,Viedma,AR,-40.8135,-62.9967,70.93,35,6,17.45,clear sky
278,Ballina,AU,-28.8667,153.5667,67.01,91,100,6.35,heavy intensity rain
279,Dunedin,NZ,-45.8742,170.5036,51.71,48,44,5.5,scattered clouds
280,Kadarkut,HU,46.2362,17.6201,54.41,49,3,2.24,clear sky
281,Puerto Del Rosario,ES,28.5004,-13.8627,73.15,88,0,5.75,clear sky
282,Pangnirtung,CA,66.1451,-65.7125,24.8,63,75,6.91,broken clouds
283,Seymchan,RU,62.8833,152.4333,13.15,74,100,17.67,overcast clouds
284,Barsovo,RU,61.1667,73.1667,41.13,93,100,11.03,overcast clouds
285,Key West,US,24.5557,-81.7826,89.6,75,20,13.8,few clouds
286,Ust-Koksa,RU,50.2696,85.6108,30.47,91,76,2.75,broken clouds
287,Ostrovnoy,RU,68.0531,39.5131,40.53,65,100,28.54,overcast clouds
288,Tondano,ID,1.3038,124.9112,68.09,91,59,0.6,broken clouds
289,Kaiyuan,CN,23.6977,103.3037,48.7,65,72,2.55,broken clouds
290,Urengoy,RU,65.9667,78.3667,35.51,87,98,13.49,overcast clouds
291,Paracuru,BR,-3.41,-39.0306,80.11,80,23,15.12,few clouds
292,Qasigiannguit,GL,68.8193,-51.1922,34.05,99,100,2.84,snow
293,Rocha,UY,-34.4833,-54.3333,61.12,84,100,12.93,overcast clouds
294,Nador,MA,35.174,-2.9287,71.85,88,0,2.3,clear sky
295,Salisbury,GB,51.0693,-1.7957,60.44,82,75,13.8,broken clouds
296,Aykhal,RU,66.0,111.5,13.32,96,96,6.15,overcast clouds
297,Pozo Colorado,PY,-23.4923,-58.7972,76.89,72,89,3.67,overcast clouds
298,Denpasar,ID,-8.65,115.2167,76.71,100,40,1.14,scattered clouds
299,Waingapu,ID,-9.6567,120.2641,80.85,80,100,2.84,light rain
300,Marzuq,YE,14.4,46.4667,69.03,25,1,0.72,clear sky
301,Hoquiam,US,46.9809,-123.8893,74.35,64,0,4.61,clear sky
302,Coihaique,CL,-45.5752,-72.0662,66.15,32,0,9.22,clear sky
303,Thompson,CA,55.7435,-97.8558,46.56,42,75,10.36,broken clouds
304,Humaita,BR,-7.5061,-63.0208,76.78,86,91,5.48,overcast clouds
305,Kovur,IN,14.4833,79.9833,79.83,78,99,3.29,overcast clouds
306,Kloulklubed,PW,7.0419,134.2556,75.7,72,92,12.68,overcast clouds
307,Atambua,ID,-9.1061,124.8925,75.6,84,87,2.33,overcast clouds
308,Astoria,US,46.1879,-123.8313,71.71,71,0,6.91,clear sky
309,Homer,US,59.6425,-151.5483,47.77,75,100,5.01,overcast clouds
310,Sterling,US,39.0062,-77.4286,54.39,48,75,16.11,broken clouds
311,Codrington,AU,-38.2667,141.9667,53.15,86,0,4.09,clear sky
312,Lewiston,US,44.1003,-70.2148,61.43,95,75,9.22,broken clouds
313,Jinji,CN,23.2281,110.8261,69.17,25,100,4.76,overcast clouds
314,Khatanga,RU,71.9667,102.5,32.47,97,100,19.82,light snow
315,Tateyama,JP,34.9833,139.8667,59.09,81,100,18.16,overcast clouds
316,Ati,TD,13.2154,18.3353,89.1,17,59,11.27,broken clouds
317,Naze,JP,28.3667,129.4833,68.54,78,100,20.04,overcast clouds
318,Sivaki,RU,52.6333,126.75,28.69,68,19,5.79,few clouds
319,Vanimo,PG,-2.6741,141.3028,77.5,90,100,5.55,overcast clouds
320,Laguna,US,38.421,-121.4238,87.3,41,0,9.22,clear sky
321,Birobidzhan,RU,48.8,132.95,32.07,65,0,7.07,clear sky
322,Dongli,CN,23.5656,116.8194,64.38,77,0,2.24,clear sky
323,Nishihara,JP,26.1842,127.7558,74.48,69,75,24.16,broken clouds
324,Alibunar,RS,45.0808,20.9658,53.55,40,1,7.05,clear sky
325,Necochea,AR,-38.5473,-58.7368,65.59,51,100,13.94,overcast clouds
326,Tiksi,RU,71.6872,128.8694,8.71,92,100,7.11,overcast clouds
327,Foundiougne,SN,14.1333,-16.4667,75.25,66,91,8.95,light rain
328,Saint-Pierre,RE,-21.3393,55.4781,69.48,78,75,11.5,broken clouds
329,Tanabe,JP,33.7333,135.3667,54.36,76,0,8.12,clear sky
330,Santo Antonio Do Ica,BR,-3.1022,-67.9397,81.03,78,99,2.66,overcast clouds
331,Belaya,UA,49.029,25.7706,55.22,72,40,6.02,scattered clouds
332,Greece,US,43.2098,-77.6931,48.45,76,75,9.22,broken clouds
333,Arenzano,IT,44.4052,8.6832,68.45,88,0,4.0,clear sky
334,Dingle,PH,10.9995,122.6711,75.79,93,96,3.89,overcast clouds
335,Natal,BR,-5.795,-35.2094,77.65,88,75,10.36,broken clouds
336,Hambantota,LK,6.1241,81.1185,78.04,83,98,17.96,overcast clouds
337,Pratapgarh,IN,24.0333,74.7833,69.22,58,29,7.27,scattered clouds
338,San Luis,AR,-33.295,-66.3356,60.6,55,100,5.23,overcast clouds
339,Kirensk,RU,57.7853,108.1119,34.3,97,100,7.96,light snow
340,Bitung,ID,1.4451,125.1824,76.05,79,61,1.41,broken clouds
341,Belaya Gora,RU,68.5333,146.4167,2.26,100,95,0.54,overcast clouds
342,Kayes,ML,14.0,-11.0,81.12,58,28,2.73,scattered clouds
343,Hobyo,SO,5.3505,48.5268,77.92,84,100,16.67,overcast clouds
344,Tiarei,PF,-17.5333,-149.3333,84.22,81,20,16.31,light rain
345,Uttarkashi,IN,30.7333,78.45,53.87,74,0,6.51,clear sky
346,Lasa,IT,46.6166,10.7002,61.68,84,2,5.23,clear sky
347,Meulaboh,ID,4.1363,96.1285,75.34,89,100,2.3,moderate rain
348,Dois Corregos,BR,-22.3661,-48.3803,67.86,80,98,10.22,overcast clouds
349,Inhambane,MZ,-23.865,35.3833,72.57,81,25,8.32,scattered clouds
350,Longyearbyen,SJ,78.2186,15.6401,30.04,74,75,17.27,broken clouds
351,Marihatag,PH,8.7936,126.2969,77.38,88,100,5.7,light rain
352,Kodiak,US,57.79,-152.4072,47.71,76,100,14.97,moderate rain
353,Slonim,BY,53.0867,25.3219,50.13,94,100,6.78,overcast clouds
354,Shimoda,JP,34.6667,138.95,56.1,86,100,16.28,overcast clouds
355,Etla,MX,17.0608,-96.7944,63.19,88,100,8.05,light intensity drizzle
356,Ostersund,SE,63.1792,14.6357,39.65,87,100,14.97,overcast clouds
357,Rostovka,RU,55.3842,71.8891,42.17,67,100,10.31,overcast clouds
358,Bakchar,RU,57.0186,82.0711,37.42,92,100,5.14,overcast clouds
359,Hwange,ZW,-18.3693,26.5019,79.27,29,26,3.71,scattered clouds
360,Plouzane,FR,48.3833,-4.6167,64.72,91,75,10.36,broken clouds
361,Evanston,US,42.0411,-87.6901,48.2,55,75,18.41,broken clouds
362,Marienburg,PL,54.0359,19.0266,53.04,84,21,11.12,few clouds
363,Sistranda,NO,63.7256,8.834,42.76,67,100,17.29,overcast clouds
364,Ketchikan,US,55.3422,-131.6461,57.67,94,100,17.27,mist
365,Norman Wells,CA,65.282,-126.8329,39.24,87,75,2.3,broken clouds
366,Kununurra,AU,-15.7667,128.7333,76.98,83,72,0.0,broken clouds
367,Zhangye,CN,38.9342,100.4517,49.32,22,6,4.38,clear sky
368,Cobija,BO,-11.0267,-68.7692,86.18,74,75,3.44,thunderstorm
369,Larsnes,NO,62.2028,5.5773,46.45,89,79,5.73,broken clouds
370,Rokytne,UA,51.2796,27.214,53.82,81,100,7.94,overcast clouds
371,Tommot,RU,58.9564,126.2925,16.7,95,100,2.3,overcast clouds
372,Senador Jose Porfirio,BR,-2.5908,-51.9542,83.91,65,100,3.31,overcast clouds
373,Rassvet,RU,46.8333,40.75,50.94,46,34,4.88,scattered clouds
374,Oktyabrskiy,RU,54.4815,53.471,44.96,84,100,14.2,overcast clouds
375,Port Macquarie,AU,-31.4333,152.9167,62.89,80,100,8.97,overcast clouds
376,Lavrentiya,RU,65.5833,-171.0,26.19,76,7,1.86,clear sky
377,Kalispell,US,48.1958,-114.3129,68.49,42,0,4.61,clear sky
378,Turukhansk,RU,65.8167,87.9833,32.34,99,100,7.87,light snow
379,Chimbote,PE,-9.0853,-78.5783,65.64,73,39,11.7,scattered clouds
380,Puerto Penasco,MX,31.3167,-113.5333,83.84,36,0,1.99,clear sky
381,Mineiros,BR,-17.5694,-52.5511,89.22,23,74,8.52,moderate rain
382,Ananas,HT,19.2466,-71.9557,77.76,73,95,4.52,moderate rain
383,Cabedelo,BR,-6.9811,-34.8339,77.67,76,23,14.83,few clouds
384,Smidovich,RU,48.6,133.8167,32.79,64,0,11.5,clear sky
385,Goderich,CA,43.7501,-81.7165,44.92,81,100,16.11,overcast clouds
386,Nuuk,GL,64.1835,-51.7216,36.21,93,100,19.57,light snow
387,Liverpool,GB,53.4106,-2.9779,52.29,84,0,12.66,clear sky
388,Saint-Francois,FR,46.4154,3.9054,60.24,77,0,2.3,clear sky
389,Alyangula,AU,-13.8483,136.4192,80.24,77,77,7.87,broken clouds
390,Egvekinot,RU,66.3167,-179.1667,17.98,94,100,7.49,light snow
391,Vagay,RU,57.9375,69.0217,39.97,86,100,6.51,overcast clouds
392,Ponta Delgada,PT,37.7333,-25.6667,63.32,59,20,21.85,few clouds
393,Togitsu,JP,32.8333,129.85,59.99,63,0,7.38,clear sky
394,Kruisfontein,ZA,-34.0033,24.7314,67.89,97,57,6.67,broken clouds
395,Faya,SA,18.3851,42.4509,60.91,30,92,5.57,overcast clouds
396,Paddhari,IN,22.4333,70.6,79.18,33,17,4.65,few clouds
397,Kahramanmaras,TR,38.0,37.0,56.73,60,90,3.0,overcast clouds
398,Shelburne,CA,44.0787,-80.2041,40.91,88,100,11.81,overcast clouds
399,Trofaiach,AT,47.4167,15.0,47.86,92,3,5.01,clear sky
400,Katsuura,JP,35.1333,140.3,57.96,84,100,20.94,overcast clouds
401,Kasongo-Lunda,CD,-6.4667,16.8167,71.58,97,100,1.97,overcast clouds
402,Yerbogachen,RU,61.2767,108.0108,27.37,84,79,9.31,broken clouds
403,Athabasca,CA,54.7169,-113.2854,70.21,22,19,6.06,few clouds
404,Mayo,US,38.8876,-76.5119,55.35,52,75,8.05,broken clouds
405,George Town,MY,5.4112,100.3354,80.53,93,20,2.3,light rain
406,Wufeng,CN,27.45,104.8333,42.24,66,5,4.97,clear sky
407,Manjacaze,MZ,-24.7117,33.8828,67.78,89,19,5.26,few clouds
408,Acarau,BR,-2.8856,-40.12,79.43,77,16,18.9,few clouds
409,Petatlan,MX,17.5167,-101.2667,85.8,86,91,3.33,light rain
410,Am Timan,TD,11.0297,20.2827,78.06,62,3,4.07,clear sky
411,Neuquen,AR,-38.9516,-68.0591,67.89,49,40,9.22,scattered clouds
412,Northam,GB,51.0333,-4.2167,61.25,86,100,23.29,overcast clouds
413,Nouadhibou,MR,20.931,-17.0347,84.18,37,39,24.16,sand
414,Itarema,BR,-2.9248,-39.9167,79.07,78,13,17.49,few clouds
415,Kabo,CF,7.6994,18.629,75.83,78,64,3.36,broken clouds
416,Ratnagiri,IN,16.9833,73.3,77.9,88,95,3.94,overcast clouds
417,Cururupu,BR,-1.8283,-44.8683,79.27,74,34,5.17,scattered clouds
418,Manado,ID,1.487,124.8455,75.97,88,20,1.14,few clouds
419,Salta,AR,-24.7859,-65.4117,61.39,82,100,13.8,overcast clouds
420,Narsaq,GL,60.9167,-46.05,35.82,79,100,9.55,overcast clouds
421,Puerto Baquerizo Moreno,EC,-0.9,-89.6,74.39,69,20,11.5,few clouds
422,San Cristobal,VE,7.7669,-72.225,75.38,90,92,0.94,overcast clouds
423,Povenets,RU,62.8487,34.8262,39.25,87,100,5.14,overcast clouds
424,Nchelenge,ZM,-9.3451,28.734,76.28,50,70,3.62,broken clouds
425,Naron,ES,43.5167,-8.1528,65.25,89,86,5.32,overcast clouds
426,San Vicente,AR,-26.6167,-54.1333,66.51,98,66,2.28,broken clouds
427,Hit,IQ,33.6416,42.8251,80.71,20,0,5.01,clear sky
428,Malayal,PH,7.208,121.942,75.0,82,99,2.68,overcast clouds
429,Novikovo,RU,51.1537,37.8879,52.63,53,100,10.85,overcast clouds
430,Dubbo,AU,-32.25,148.6167,60.93,94,100,8.05,overcast clouds
431,Cayenne,GF,4.9333,-52.3333,84.24,74,20,5.75,heavy intensity rain
432,Tuatapere,NZ,-46.1333,167.6833,49.84,62,72,7.16,broken clouds
433,Keetmanshoop,NA,-26.5833,18.1333,79.47,26,6,4.34,clear sky
434,San Jeronimo,PE,-11.9472,-75.2829,62.11,52,47,6.96,scattered clouds
435,Suwannaphum,TH,15.6035,103.8021,64.29,84,74,7.45,broken clouds
436,Acapulco,MX,16.8634,-99.8901,85.82,70,100,10.36,overcast clouds
437,Douglas,US,41.3,-96.167,43.86,27,0,11.5,clear sky
438,Matara,LK,5.9485,80.5353,76.35,90,100,10.58,overcast clouds
439,Coxim,BR,-18.5067,-54.76,93.22,33,89,5.93,overcast clouds
440,Kimbe,PG,-5.5502,150.1429,78.03,88,84,2.46,light rain
441,Taloqan,AF,36.7361,69.5345,61.27,45,99,0.98,overcast clouds
442,La Ronge,CA,55.1001,-105.2842,64.65,29,75,6.91,broken clouds
443,Springbok,ZA,-29.6643,17.8865,64.42,51,60,3.04,broken clouds
444,Los Llanos De Aridane,ES,28.6585,-17.9182,67.75,92,0,5.75,clear sky
445,Andenes,NO,69.3143,16.1194,40.98,75,40,12.66,scattered clouds
446,Panzhihua,CN,26.5851,101.7128,61.43,75,97,1.21,overcast clouds
447,Ogulin,HR,45.2661,15.2286,55.36,91,0,2.01,clear sky
448,College,US,64.8569,-147.8028,42.91,82,75,0.0,broken clouds
449,Nemuro,JP,43.3236,145.575,44.29,78,8,15.14,clear sky
450,Samarai,PG,-10.6167,150.6667,82.6,78,36,15.88,scattered clouds
451,Antalaha,MG,-14.9003,50.2788,68.68,77,29,6.69,scattered clouds
452,Progreso,MX,21.2833,-89.6667,84.31,82,100,8.03,moderate rain
453,Caernarfon,GB,53.1413,-4.2702,58.73,58,100,11.5,overcast clouds
454,Coahuayana,MX,18.7333,-103.6833,83.43,73,100,3.15,overcast clouds
455,Leningradskiy,RU,69.3833,178.4167,6.66,81,13,6.87,few clouds
456,Roma,US,43.2128,-75.4557,50.68,64,100,5.99,overcast clouds
457,Yarim,YE,14.298,44.3779,53.46,32,5,4.56,clear sky
458,The Valley,AI,18.217,-63.0578,84.81,70,20,9.22,few clouds
459,Borogontsy,RU,62.6683,131.1683,8.1,99,100,3.09,overcast clouds
460,Vadso,NO,70.0744,29.7487,38.28,81,20,16.11,few clouds
461,Bairnsdale,AU,-37.8333,147.6167,56.05,91,0,1.01,clear sky
462,Nha Trang,VN,12.25,109.1833,73.4,91,60,4.72,broken clouds
463,Mokhsogollokh,RU,61.4681,128.9203,18.39,99,100,1.63,overcast clouds
464,Belmonte,BR,-15.8631,-38.8828,75.4,77,54,7.7,broken clouds
465,Ixtepec,MX,16.5786,-95.1022,76.05,93,100,2.15,light rain
466,Formosa,AR,-26.1775,-58.1781,84.18,42,20,6.91,few clouds
467,Prince Rupert,CA,54.3161,-130.3201,57.29,94,100,29.93,light rain
468,Gat,IL,31.61,34.7642,72.28,100,2,4.61,clear sky
469,Quatre Cocos,MU,-20.2078,57.7625,69.91,77,42,13.67,scattered clouds
470,Yeppoon,AU,-23.1333,150.7333,71.38,82,98,5.79,light rain
471,Luohe,CN,33.5717,114.0353,50.59,34,0,7.05,clear sky
472,Grand Gaube,MU,-20.0064,57.6608,70.2,71,51,4.0,broken clouds
473,Songjianghe,CN,42.1859,127.479,28.26,73,0,4.32,clear sky
474,Novocheremshansk,RU,54.3571,50.1666,45.9,88,100,17.31,light rain
475,San Ignacio,BZ,17.1561,-89.0714,87.94,70,75,4.61,light rain
476,Darhan,MN,49.4867,105.9228,34.16,41,67,5.01,broken clouds
477,Port Blair,IN,11.6667,92.75,78.84,94,75,2.3,mist
478,Cabo Rojo,PR,18.0866,-67.1457,83.89,84,7,1.99,clear sky
479,Goma,CD,-1.6792,29.2228,62.87,94,100,2.08,light rain
480,Mount Isa,AU,-20.7333,139.5,73.17,94,27,1.14,scattered clouds
481,Burgeo,CA,47.6167,-57.6152,55.47,83,30,2.26,scattered clouds
482,Portland,US,45.5234,-122.6762,75.99,63,0,1.99,clear sky
483,Cruzeiro Do Sul,BR,-29.5128,-51.9853,71.53,81,66,4.88,broken clouds
484,Lexington Park,US,38.2668,-76.4538,56.64,50,40,3.44,scattered clouds
485,Rio Cuarto,AR,-33.1307,-64.3499,69.57,43,40,20.71,scattered clouds
486,Emerald,AU,-23.5333,148.1667,71.74,100,100,9.22,overcast clouds
487,Verkh-Usugli,RU,52.7,115.1667,27.48,59,88,3.78,overcast clouds
488,Rosetta,EG,31.4044,30.4164,72.64,73,10,9.8,clear sky
489,Tual,ID,-5.6667,132.75,83.8,72,99,4.38,overcast clouds
490,Sharlyk,RU,52.9167,54.75,42.75,80,100,13.89,overcast clouds
491,Erzin,TR,36.9559,36.2,68.16,82,8,1.43,light rain
492,Stornoway,GB,58.2093,-6.3865,49.96,84,100,6.91,overcast clouds
493,Cassano Delle Murge,IT,40.8928,16.7678,60.94,90,40,4.61,mist
494,San Matias,BO,-16.3667,-58.4,94.57,36,54,2.13,broken clouds
495,Kautokeino,NO,69.0125,23.0412,30.7,80,20,4.99,few clouds
496,Zhangjiakou,CN,40.81,114.8794,40.53,26,1,1.72,clear sky
497,Coshocton,US,40.272,-81.8596,43.47,72,100,4.0,overcast clouds
498,Goure,NE,13.9835,10.2704,85.93,19,6,8.93,clear sky
499,Lansing,US,42.7325,-84.5555,39.58,91,100,18.41,mist
500,Kavaratti,IN,10.5669,72.642,80.35,77,100,20.29,overcast clouds
501,Vitim,RU,59.4511,112.5578,34.27,98,100,7.78,light snow
502,Mareeba,AU,-17.0,145.4333,70.52,93,15,3.65,few clouds
503,Salinopolis,BR,-0.6136,-47.3561,81.43,78,97,16.71,overcast clouds
504,Marandahalli,IN,12.4,78.0,69.78,92,99,2.95,overcast clouds
505,Bom Jesus Da Lapa,BR,-13.255,-43.4181,90.97,19,49,4.81,scattered clouds
506,Harbour Breton,CA,47.4833,-55.7983,58.14,81,5,3.62,clear sky
507,Kangaba,ML,11.9333,-8.4167,79.54,53,34,3.69,scattered clouds
508,Port Keats,AU,-14.25,129.55,82.45,75,100,4.9,overcast clouds
509,Amboasary,MG,-25.0333,46.3833,67.86,82,3,7.02,clear sky
510,Jalu,LY,29.0331,21.5482,66.02,62,12,9.53,few clouds
511,Baherden,TM,38.4362,57.4316,52.09,67,91,3.06,overcast clouds
512,Bulaevo,KZ,54.9056,70.4439,42.08,61,100,11.56,overcast clouds
513,Belyy Yar,RU,53.6039,91.3903,37.29,82,0,2.24,clear sky
514,Bondo,CD,3.8146,23.6866,69.55,97,86,1.88,light rain
515,Macae,BR,-22.3708,-41.7869,74.95,88,40,12.66,scattered clouds
516,Bontang,ID,0.1333,117.5,77.14,90,100,4.32,overcast clouds
517,Wawa,NG,9.9022,4.4192,77.77,56,55,1.74,broken clouds
518,Olivehurst,US,39.0955,-121.5522,90.97,36,0,10.36,clear sky
519,Mitsamiouli,KM,-11.3847,43.2844,75.22,78,1,9.06,clear sky
520,Drayton Valley,CA,53.2168,-114.9854,69.6,20,100,2.13,overcast clouds
521,Erenhot,CN,43.6475,111.9767,42.13,28,23,9.82,few clouds
522,Ingham,US,42.6,-84.3833,39.87,92,100,18.88,light rain
523,Saint George,US,37.1041,-113.5841,84.43,21,0,5.75,clear sky
524,Zhaotong,CN,27.3167,103.7167,45.59,82,9,1.3,clear sky
525,Vicente Guerrero,MX,19.1194,-98.1708,56.59,54,96,6.2,light rain
526,Anori,BR,-3.7728,-61.6442,82.63,68,98,3.15,overcast clouds
527,Roberval,CA,48.5168,-72.2324,52.25,93,100,5.75,overcast clouds
528,Nago,JP,26.5881,127.9761,73.83,66,100,18.39,overcast clouds
529,Kabansk,RU,52.0486,106.6528,33.6,80,88,4.32,overcast clouds
530,Abu Dhabi,AE,24.4667,54.3667,86.02,81,0,3.44,clear sky
531,Mikkeli,FI,61.6886,27.2723,39.31,87,75,4.61,broken clouds
532,Richmond,US,37.5538,-77.4603,55.44,48,40,8.05,scattered clouds
533,Zeya,RU,53.75,127.2667,27.77,79,34,2.24,scattered clouds
534,Hauterive,FR,46.0901,3.4459,59.76,85,11,3.29,few clouds
535,Umm Kaddadah,SD,13.6017,26.6876,85.5,21,10,11.81,clear sky
536,Mangrol,IN,21.1167,70.1167,79.29,66,67,7.63,broken clouds
537,Camacha,PT,33.0833,-16.3333,69.22,83,20,9.22,few clouds
538,Lewistown,US,40.5992,-77.5714,48.72,75,100,11.5,overcast clouds
539,Gumdag,TM,39.2061,54.5906,54.77,69,92,13.44,overcast clouds
540,Beirut,LB,33.8889,35.4944,72.34,73,20,4.61,few clouds
541,Rongcheng,CN,30.634,117.8517,46.0,57,0,3.91,clear sky
542,Pitsunda,GE,43.1592,40.3378,59.18,79,0,4.52,clear sky
543,Altamira,BR,-3.2033,-52.2064,87.89,58,20,5.75,few clouds
544,Barzas,RU,55.7167,86.3167,35.1,97,100,8.48,snow
545,Alghero,IT,40.5589,8.3181,62.69,100,0,2.3,fog
546,Balaka,MW,-14.9793,34.9558,75.04,48,19,2.35,few clouds
547,Chincha Alta,PE,-13.4099,-76.1323,63.19,70,18,7.7,few clouds
548,Kolomna,RU,55.0794,38.7783,46.13,86,100,8.03,overcast clouds
549,Te Anau,NZ,-45.4167,167.7167,47.23,70,73,6.29,broken clouds
550,Komsomolskiy,UZ,40.4272,71.7189,56.12,76,75,2.3,moderate rain
551,Nisia Floresta,BR,-6.0911,-35.2086,77.81,79,33,11.43,scattered clouds
552,Marsa Matruh,EG,31.3525,27.2453,70.59,71,4,8.97,clear sky
553,Kalaleh,IR,37.3807,55.4916,64.0,77,100,6.91,overcast clouds
554,Huarmey,PE,-10.0681,-78.1522,66.83,73,19,11.5,few clouds
555,Barraute,CA,48.4335,-77.6328,44.87,78,98,1.63,overcast clouds
556,Ise,JP,34.4833,136.7,56.52,73,5,8.86,clear sky
557,Makeni,SL,8.8833,-12.05,74.32,93,43,2.77,light rain
558,Coldstream,GB,55.6511,-2.2529,51.78,89,37,4.79,scattered clouds
559,Colon,PA,9.3592,-79.9014,81.36,86,100,8.01,overcast clouds
560,Maridi,SS,4.9158,29.4742,68.4,94,100,2.68,light rain
561,Pacific Grove,US,36.6177,-121.9166,87.48,52,0,5.75,clear sky
562,Deputatskiy,RU,69.3,139.9,-4.14,98,98,4.94,overcast clouds
563,Srednekolymsk,RU,67.45,153.6833,2.01,96,100,9.98,overcast clouds
564,Cabo San Lucas,MX,22.8909,-109.9124,87.1,65,40,5.75,scattered clouds
565,Acajutla,SV,13.5928,-89.8275,83.12,75,97,5.93,overcast clouds
566,Xichang,CN,27.8964,102.2634,55.4,76,91,2.48,overcast clouds
567,Bayan,CN,46.0833,127.4,30.38,55,0,5.99,clear sky
568,Myitkyina,MM,25.3833,97.4,69.57,90,90,1.57,overcast clouds
569,Kilrush,IE,52.6397,-9.4833,56.95,81,100,22.24,moderate rain
570,Cefalu,IT,38.0386,14.0229,68.54,83,0,3.0,clear sky
571,Chestermere,CA,51.0334,-113.8187,77.85,14,75,4.61,broken clouds
572,Zyryanskoye,RU,56.8306,86.6258,38.48,87,100,6.04,overcast clouds
573,Narbonne,FR,43.0833,2.8333,67.44,81,50,3.11,scattered clouds
574,Beringovskiy,RU,63.05,179.3167,38.8,92,100,30.69,light rain
575,Uglovskoye,RU,51.3557,80.1942,36.25,70,43,6.55,scattered clouds
576,Wukari,NG,7.85,9.7833,78.76,73,99,4.38,overcast clouds
577,Gorontalo,ID,0.5412,123.0595,74.19,96,100,2.84,overcast clouds
578,Pansoy,PH,13.1825,122.5989,78.8,81,100,1.12,overcast clouds
579,Batticaloa,LK,7.7102,81.6924,79.02,78,100,8.37,overcast clouds
580,Zyryanka,RU,65.75,150.85,9.79,94,100,19.06,overcast clouds
581,Makasar,ID,-5.14,119.4221,75.25,94,20,3.44,few clouds
582,Tottori,JP,35.5,134.2333,50.07,87,40,8.05,scattered clouds
583,Jiuquan,CN,39.7432,98.5174,45.73,16,17,2.26,few clouds
584,Delta,NG,5.5,6.0,76.51,92,99,4.23,overcast clouds
585,Akyab,MM,20.15,92.9,76.41,85,85,5.82,overcast clouds
586,Amuntai,ID,-2.4177,115.2494,73.87,99,100,0.31,overcast clouds
587,Miri,MY,4.4148,114.0089,75.34,100,40,1.14,moderate rain
588,Santona,ES,43.4439,-3.4576,78.73,52,97,7.87,overcast clouds
589,Flinders,AU,-34.5833,150.8552,68.38,88,75,4.0,broken clouds
590,Santiago Del Estero,AR,-27.7951,-64.2615,70.7,50,92,5.68,overcast clouds
591,Presidente Dutra,BR,-5.29,-44.49,90.95,32,12,5.61,few clouds
592,Assens,DK,55.2702,9.9008,53.49,90,69,15.39,broken clouds
593,Kupang,ID,-10.1667,123.5833,79.07,80,100,3.47,overcast clouds
594,Las Vegas,US,36.175,-115.1372,87.6,17,0,10.36,clear sky
595,Umm Lajj,SA,25.0213,37.2685,82.18,63,0,6.73,clear sky
596,Gabu,GW,12.2833,-14.2167,80.74,76,83,1.1,light rain
597,Khartoum,SD,15.5518,32.5324,88.02,47,12,4.29,few clouds
598,Cravo Norte,CO,6.3017,-70.2041,86.79,64,78,0.78,broken clouds
599,Christchurch,NZ,-43.5333,172.6333,55.33,76,68,4.61,broken clouds
600,Barcelos,PT,41.5388,-8.6151,66.34,90,100,10.67,overcast clouds
601,Rio Grande,BR,-32.035,-52.0986,64.51,91,100,20.4,overcast clouds
602,Tourlaville,FR,49.6383,-1.5664,62.02,94,75,16.11,broken clouds
603,Teya,RU,60.3778,92.6267,31.12,93,99,2.57,overcast clouds
604,Manacapuru,BR,-3.2997,-60.6206,79.56,80,100,2.82,overcast clouds
605,Andra,RU,62.5147,65.8878,38.1,97,100,8.28,light rain
606,Gotsu,JP,35.0,132.2167,53.35,82,24,3.44,few clouds
607,Sao Felix Do Xingu,BR,-6.6447,-51.995,82.26,63,75,2.26,broken clouds
608,Surgut,RU,61.25,73.4167,41.18,93,75,8.99,light intensity shower rain
609,Kurumkan,RU,54.3,110.3,32.36,91,49,4.03,light snow
610,Banyo,CM,6.75,11.8167,65.52,90,63,3.09,broken clouds
611,Port-Gentil,GA,-0.7193,8.7815,80.56,83,40,9.22,scattered clouds
612,High Level,CA,58.5169,-117.136,64.51,39,75,5.75,broken clouds
613,Cienfuegos,CU,22.1461,-80.4356,87.94,70,100,8.05,overcast clouds
614,Paraiso,CR,9.8383,-83.8656,70.66,84,93,3.42,overcast clouds
615,Pizhanka,RU,57.4604,48.542,42.94,93,100,9.01,light rain
616,Urumqi,CN,43.801,87.6005,47.35,81,75,4.47,broken clouds
617,Sainte-Anne-Des-Monts,CA,49.124,-66.4924,62.47,72,100,13.8,overcast clouds
618,Kisangani,CD,0.5167,25.2,74.26,78,100,1.23,overcast clouds
619,Tornio,FI,65.8481,24.1466,32.02,80,8,10.71,clear sky
620,Limoeiro Do Norte,BR,-5.1456,-38.0981,82.63,59,31,13.4,scattered clouds
621,Ossora,RU,59.2353,163.0719,32.86,82,100,21.72,overcast clouds
622,Yenagoa,NG,4.9247,6.2642,76.68,91,90,4.65,overcast clouds
623,Arshan,RU,46.2732,44.22,46.78,81,35,13.42,scattered clouds
624,Port Hawkesbury,CA,45.6169,-61.3485,57.58,98,100,15.01,mist
625,Banepa,NP,27.6298,85.5214,57.52,88,40,2.3,scattered clouds
626,Atasu,KZ,48.6814,71.6433,38.34,58,70,5.41,broken clouds
627,Nitra,SK,48.3076,18.0845,54.64,50,15,0.51,few clouds
628,Pangody,RU,65.85,74.4859,38.3,97,100,18.01,light rain
629,Jiancheng,CN,30.391,104.5491,64.72,69,51,1.36,broken clouds
630,Kidal,ML,18.4411,1.4078,83.57,20,41,11.36,scattered clouds
631,Winnemucca,US,40.973,-117.7357,78.85,10,0,0.0,clear sky
632,Adre,TD,13.4667,22.2,78.12,32,0,1.43,clear sky
633,Nabire,ID,-3.3667,135.4833,74.84,94,100,3.24,moderate rain
634,Sukumo,JP,32.9333,132.7333,53.37,86,2,6.4,clear sky
635,Rybachiy,RU,48.7073,44.7449,49.86,46,98,13.73,overcast clouds
636,Panelas,BR,-8.6636,-36.0058,68.56,88,21,12.64,few clouds
637,Lagoa,PT,39.05,-27.9833,63.36,59,100,31.74,overcast clouds
638,Namatanai,PG,-3.6667,152.4333,81.32,70,31,8.08,scattered clouds
639,Kitimat,CA,54.0524,-128.6534,57.58,26,100,3.2,overcast clouds
640,Eureka,US,40.8021,-124.1637,70.2,77,23,5.01,few clouds
641,Kokoda,PG,-8.8785,147.7407,76.5,90,100,0.72,overcast clouds
642,Herat,AF,34.5,62.0,57.34,51,6,11.79,clear sky
643,Sayanogorsk,RU,53.0875,91.3997,39.6,75,100,9.04,overcast clouds
644,Birin,NP,26.8865,88.0718,52.45,65,0,6.02,clear sky
645,Eyl,SO,7.9803,49.8164,78.64,79,31,11.39,scattered clouds
646,Hay River,CA,60.8156,-115.7999,51.78,54,75,6.91,broken clouds
647,Axim,GH,4.8699,-2.2405,77.76,86,55,5.99,broken clouds
648,Sharan,RU,54.8167,54.0,44.38,84,100,13.87,light rain
649,Shakawe,BW,-18.3667,21.85,69.53,55,49,10.09,light rain
650,San Patricio,US,28.017,-97.5169,72.16,27,100,7.76,overcast clouds
651,Luganville,VU,-15.5333,167.1667,82.44,76,27,9.55,scattered clouds
652,Andria,IT,41.2306,16.2909,60.26,90,0,2.86,clear sky
653,Lima,PE,-12.0432,-77.0282,71.91,62,100,11.5,overcast clouds
654,Phan Thiet,VN,10.9333,108.1,74.89,89,79,3.13,broken clouds
655,Aloleng,PH,16.1307,119.7824,77.43,91,100,10.92,overcast clouds
656,Chapais,CA,49.7834,-74.8492,47.98,95,100,9.28,moderate rain
657,Sangar,RU,63.9242,127.4739,15.67,83,100,7.23,overcast clouds
658,Melton,AU,-37.6833,144.5833,54.7,89,0,0.83,clear sky
659,Palu,ID,-0.8917,119.8707,75.61,93,100,2.84,overcast clouds
660,Ulaangom,MN,49.9811,92.0667,34.52,69,59,4.63,broken clouds
661,Kishorganj,BD,24.4333,90.7667,72.9,88,0,5.77,clear sky
662,Gamba,GA,-2.65,10.0,77.65,86,100,7.63,overcast clouds
663,Khasan,RU,42.4308,130.6434,40.39,59,0,8.03,clear sky
664,Plerin,FR,48.5425,-2.7798,64.72,95,100,8.05,overcast clouds
665,Charters Towers,AU,-20.1,146.2667,73.09,71,50,12.82,scattered clouds
666,Chettipalaiyam,IN,10.9,77.0667,73.35,94,40,6.91,mist
667,Paamiut,GL,61.994,-49.6678,37.76,93,100,11.36,light rain
668,Viamao,BR,-30.0811,-51.0233,68.76,84,75,19.57,broken clouds
669,Tukrah,LY,32.5341,20.5791,69.84,69,70,14.85,light rain
670,Colares,PT,38.7992,-9.4469,69.33,97,100,14.0,overcast clouds
671,Goundam,ML,16.4145,-3.6708,91.62,13,4,9.1,clear sky
672,Nobres,BR,-14.7203,-56.3275,97.84,24,57,2.98,broken clouds
673,Bayanday,RU,53.0661,105.5139,34.79,97,100,3.51,overcast clouds
674,Maholi,IN,27.6667,80.4667,71.15,69,0,2.01,clear sky
675,Devonport,AU,-41.1667,146.35,52.09,71,8,3.49,clear sky
676,Alta Floresta,BR,-9.8756,-56.0861,79.88,68,100,5.14,overcast clouds
677,Vilhena,BR,-12.7406,-60.1458,71.82,88,40,2.3,moderate rain
678,Shahgarh,IN,24.3167,79.1333,67.35,63,0,2.01,clear sky
679,Shu,KZ,43.5983,73.7614,46.56,77,37,2.21,scattered clouds
